Mi9,CPU,GPU,CoDL,Stretch
R-34,57.9268,47.9669,39.2658(7.86736),24.8748(4.72352)
R-50,65.5806,42.2496,40.6007(10.8267),28.1199(5.96708)
