Mi11,CPU,GPU,CoDL,Stretch
R-34,53.527,27.9158,28.3361(7.22482),17.6337(1.91102)
R-50,60.9138,28.1887,34.5001(12.1625),21.8529(3.04056)
